<?xml version="1.0" encoding="UTF-8" standalone="yes"?>
<extension type="package" version="2.5" method="upgrade">
    <name>ZOO Package</name>
    <author>YOOtheme</author>
    <creationDate>June 2015</creationDate>
    <packagename>zoo</packagename>
    <version>3.3.6</version>
    <updateUrl>http://www.yootheme.com/updates</updateUrl>
    <copyright>Copyright (C) YOOtheme GmbH</copyright>
    <license>http://www.gnu.org/licenses/gpl.html GNU/GPL</license>
    <assetsLicense>YOOtheme Proprietary Use License (http://www.yootheme.com/license)</assetsLicense>
    <authorEmail>info@yootheme.com</authorEmail>
    <authorUrl>http://www.yootheme.com</authorUrl>
    <description>ZOO component and extensions for Joomla developed by YOOtheme (http://www.yootheme.com)</description>
    <files folder="packages">
        <file type="component" id="com_zoo">com_zoo.zip</file>
        <file type="module" id="mod_zoocategory" client="site">mod_zoocategory.zip</file>
        <file type="module" id="mod_zoocomment" client="site">mod_zoocomment.zip</file>
        <file type="module" id="mod_zooitem" client="site">mod_zooitem.zip</file>
        <file type="module" id="mod_zooquickicon" client="administrator">mod_zooquickicon.zip</file>
        <file type="module" id="mod_zootag" client="site">mod_zootag.zip</file>
        <file type="plugin" id="zooshortcode" group="content">plg_content_zooshortcode.zip</file>
        <file type="plugin" id="zoosmartsearch" group="finder">plg_finder_zoosmartsearch.zip</file>
        <file type="plugin" id="zoosearch" group="search">plg_search_zoosearch.zip</file>
        <file type="plugin" id="zooevent" group="system">plg_sys_zooevent.zip</file>
    </files>
    <scriptfile>file.script.php</scriptfile>
    <updateservers>
        <server type="extension" priority="1" name="ZOO">http://yootheme.com/api/update/zoo_j33.xml</server>
    </updateservers>
</extension>