<?xml version="1.0" encoding="utf-8"?>
<extension version="2.5" type="plugin" group="system" method="upgrade">
	<name>plg_system_titlemanager</name>
	<author>Ercan Özkaya</author>
	<creationDate>April 2013</creationDate>
	<copyright>(C) 2013 Ercan Özkaya. All rights reserved.</copyright>
	<license>GNU/GPL http://www.gnu.org/licenses/gpl.html</license>
	<authorEmail>ercan@ozkaya.net</authorEmail>
	<authorUrl>http://ercanozkaya.com/</authorUrl>
	<version>3.0</version>
	<description>Title Manager</description>
	<files>
		<filename plugin="titlemanager">titlemanager.php</filename>
	</files>
	<languages folder="language">
		<language tag="en-GB">en-GB.plg_system_titlemanager.ini</language>
		<language tag="en-GB">en-GB.plg_system_titlemanager.sys.ini</language>
	</languages>
	<config>
		<fields name="params">
		<fieldset name="basic">
			<field name="position" type="radio" default="after" label="TM_POSITION" description="TM_POSITION_DESC">
				<option value="before">TM_BEFORE</option>
				<option value="after">TM_AFTER</option>
			</field>
			<field name="frontpage" type="radio" default="1" label="TM_FRONTPAGE" description="TM_FRONTPAGE_DESC">
				<option value="1">TM_YES</option>
				<option value="0">TM_NO</option>
			</field>
			<field name="separator" type="text" default="{s}-{s}" label="TM_SEPARATOR" description="TM_SEPARATOR_DESC" />
			<field name="sitename" type="text" default="" label="TM_ALTERNATIVE" description="TM_ALTERNATIVE_DESC" />
			<field name="frontpage_sitename" type="text" default="" label="TM_FRONTPAGE_DEFAULT" description="TM_FRONTPAGE_DEFAULT_DESC" />
		</fieldset>
		</fields>
	</config>
</extension>